result,table,timestamp,co2_air_quality,dewPoint_air_quality,humidity_air_quality,temperature_air_quality,voc_air_quality,leak_tamper_leak,leak_temp_leak,leak_water_leak,plug_energy_plug,plug_overCurrent_plug,plug_overLoad_plug,plug_power_plug,smoke_tamper_smoke,smoke_temp_smoke,vib_alarm_vibration,vib_ax_vibration,vib_ay_vibration,vib_az_vibration,vib_lux_vibration,vib_seismic_vibration,vib_tamper_vibration,vib_temp_vibration
_result,0,2026-01-17T03:53:00Z,598.0000256000001,10.200000000000001,49,21.400000000000002,0.203,null,null,null,null,null,null,null,null,null,null,null,null,null,null,null,null,null
_result,0,2026-01-17T03:54:00Z,598.0000256000002,10.199999999999994,49,21.399999999999988,0.20300000000000004,null,null,null,null,null,null,null,null,null,null,null,null,null,null,null,null,null
_result,0,2026-01-17T03:55:00Z,598.0000256000002,10.199999999999996,49,21.39999999999999,0.203,null,null,null,null,null,null,null,null,null,null,null,null,null,null,null,null,null
_result,0,2026-01-17T03:56:00Z,598.0000256000001,10.2,49,21.399999999999995,0.20299999999999996,null,null,null,null,null,null,null,null,null,null,null,null,null,null,null,null,null
_result,0,2026-01-17T04:38:00Z,558.0000256,10.2,49,21.3,0.196,null,null,null,null,null,null,null,null,null,null,null,null,null,null,null,null,null
_result,0,2026-01-17T04:39:00Z,558.0000256000001,10.200000000000001,49,21.300000000000004,0.196,null,null,null,null,null,null,null,null,null,null,null,null,null,null,null,null,null
_result,0,2026-01-17T04:41:00Z,558.0000256,10.200000000000001,49,21.3,0.19599999999999998,null,null,null,null,null,null,null,null,null,null,null,null,null,null,null,null,null
_result,0,2026-01-17T04:42:00Z,558.0000256,10.200000000000001,49,21.3,0.19599999999999998,null,null,null,null,null,null,null,null,null,null,null,null,null,null,null,null,null
_result,0,2026-01-17T12:06:00Z,432.9999871999999,9.7,49,20.9,0.123,null,null,null,null,null,null,null,null,null,null,null,null,null,null,null,null,null
_result,0,2026-01-17T12:07:00Z,432.9999872000002,9.699999999999994,49,20.899999999999988,0.1230000000000001,null,null,null,null,null,null,null,null,null,null,null,null,null,null,null,null,null
_result,0,2026-01-17T12:08:00Z,432.99998720000013,9.699999999999996,49,20.89999999999999,0.1230000000000001,null,null,null,null,null,null,null,null,null,null,null,null,null,null,null,null,null
_result,0,2026-01-17T12:09:00Z,432.9999872000002,9.699999999999994,49,20.899999999999988,0.1230000000000001,null,null,null,null,null,null,null,null,null,null,null,null,null,null,null,null,null
_result,0,2026-01-17T12:10:00Z,432.9999871999999,9.7,49,20.9,0.123,null,null,null,null,null,null,null,null,null,null,null,null,null,null,null,null,null
_result,0,2026-01-17T12:11:00Z,238.14999296000002,5.334999999999998,25.725,10.972499999999997,0.06765000000000003,null,null,null,null,null,null,null,null,null,null,null,null,null,null,null,null,null
_result,0,2026-01-17T12:12:00Z,432.99998720000013,9.699999999999996,49,20.89999999999999,0.1230000000000001,null,null,null,null,null,null,null,null,null,null,null,null,null,null,null,null,null
_result,0,2026-01-17T12:13:00Z,432.99998720000013,9.699999999999996,49,20.89999999999999,0.1230000000000001,null,null,null,null,null,null,null,null,null,null,null,null,null,null,null,null,null
_result,0,2026-01-17T12:14:00Z,432.9999872000002,9.699999999999994,49,20.899999999999988,0.1230000000000001,null,null,null,null,null,null,null,null,null,null,null,null,null,null,null,null,null
_result,0,2026-01-17T12:15:00Z,432.9999872000002,9.699999999999994,49,20.899999999999988,0.1230000000000001,null,null,null,null,null,null,null,null,null,null,null,null,null,null,null,null,null
_result,0,2026-01-17T12:16:00Z,432.99998719999996,9.699999999999998,49,20.899999999999995,0.12300000000000004,null,null,null,null,null,null,null,null,null,null,null,null,null,null,null,null,null
_result,0,2026-01-17T12:50:00Z,null,null,null,null,null,0,21.49,0,null,null,null,null,null,null,null,null,null,null,null,null,null,null
_result,0,2026-01-17T12:57:00Z,null,null,null,null,null,null,null,null,null,null,null,null,1,21.699999999999996,null,null,null,null,null,null,null,null
_result,0,2026-01-17T12:58:00Z,null,null,null,null,null,null,null,null,null,null,null,null,1,21.699999999999996,null,null,null,null,null,null,null,null
_result,0,2026-01-17T12:59:00Z,null,null,null,null,null,null,null,null,null,null,null,null,1,21.699999999999992,null,null,null,null,null,null,null,null
_result,0,2026-01-17T13:00:00Z,null,null,null,null,null,null,null,null,null,null,null,null,1,21.699999999999992,null,null,null,null,null,null,null,null
_result,0,2026-01-17T13:01:00Z,null,null,null,null,null,null,null,null,null,null,null,null,1,21.699999999999992,null,null,null,null,null,null,null,null
_result,0,2026-01-17T13:02:00Z,null,null,null,null,null,null,null,null,null,null,null,null,1,21.699999999999992,null,null,null,null,null,null,null,null
_result,0,2026-01-17T13:03:00Z,null,null,null,null,null,null,null,null,null,null,null,null,1,21.699999999999992,null,null,null,null,null,null,null,null
_result,0,2026-01-17T13:04:00Z,null,null,null,null,null,null,null,null,null,null,null,null,1,21.699999999999992,null,null,null,null,null,null,null,null
_result,0,2026-01-17T13:05:00Z,null,null,null,null,null,null,null,null,null,null,null,null,1,21.699999999999992,null,null,null,null,null,null,null,null
_result,0,2026-01-17T13:06:00Z,null,null,null,null,null,null,null,null,null,null,null,null,1,21.699999999999992,null,null,null,null,null,null,null,null
_result,0,2026-01-17T13:07:00Z,null,null,null,null,null,null,null,null,null,null,null,null,1,21.699999999999992,null,null,null,null,null,null,null,null
_result,0,2026-01-17T13:08:00Z,null,null,null,null,null,null,null,null,null,null,null,null,1,21.699999999999992,null,null,null,null,null,null,null,null
_result,0,2026-01-17T13:09:00Z,null,null,null,null,null,null,null,null,null,null,null,null,1,21.699999999999992,null,null,null,null,null,null,null,null
_result,0,2026-01-17T13:10:00Z,null,null,null,null,null,null,null,null,null,null,null,null,1,21.699999999999992,null,null,null,null,null,null,null,null
_result,0,2026-01-17T13:11:00Z,null,null,null,null,null,null,null,null,null,null,null,null,1,21.699999999999992,null,null,null,null,null,null,null,null
_result,0,2026-01-17T13:12:00Z,null,null,null,null,null,null,null,null,null,null,null,null,1,21.699999999999996,null,null,null,null,null,null,null,null
_result,0,2026-01-17T13:48:00Z,null,null,null,null,null,null,null,null,null,null,null,null,null,null,0,0,0,0,9,0,0,22.100000000000005
_result,0,2026-01-17T13:49:00Z,null,null,null,null,null,null,null,null,null,null,null,null,null,null,0,0,0,0,9,0,0,22.100000000000016
_result,0,2026-01-17T13:50:00Z,null,null,null,null,null,null,null,null,null,null,null,null,null,null,0,0,0,0,9,0,0,22.100000000000016
_result,0,2026-01-17T13:51:00Z,null,null,null,null,null,null,null,null,null,null,null,null,null,null,0,0,0,0,9,0,0,22.100000000000016
_result,0,2026-01-17T13:52:00Z,null,null,null,null,null,null,null,null,null,null,null,null,null,null,0,0,0,0,9,0,0,22.100000000000016
_result,0,2026-01-17T13:53:00Z,null,null,null,null,null,null,null,null,null,null,null,null,null,null,0,0,0,0,9,0,0,22.100000000000016
_result,0,2026-01-17T13:54:00Z,null,null,null,null,null,null,null,null,null,null,null,null,null,null,0,0,0,0,9,0,0,22.100000000000016
_result,0,2026-01-17T13:55:00Z,null,null,null,null,null,null,null,null,null,null,null,null,null,null,0,0,0,0,9,0,0,22.100000000000016
_result,0,2026-01-17T13:56:00Z,null,null,null,null,null,null,null,null,null,null,null,null,null,null,0,0,0,0,9,0,0,22.100000000000016
_result,0,2026-01-17T13:57:00Z,null,null,null,null,null,null,null,null,null,null,null,null,null,null,0,0,0,0,9,0,0,22.100000000000016
_result,0,2026-01-17T13:58:00Z,null,null,null,null,null,null,null,null,null,null,null,null,null,null,0,0,0,0,9,0,0,22.100000000000016
_result,0,2026-01-17T13:59:00Z,null,null,null,null,null,null,null,null,null,null,null,null,null,null,0,0,0,0,9,0,0,22.100000000000016
_result,0,2026-01-17T14:00:00Z,null,null,null,null,null,null,null,null,null,null,null,null,null,null,0,0,0,0,9,0,0,22.100000000000016
_result,0,2026-01-17T14:01:00Z,null,null,null,null,null,null,null,null,10.82,0,0,0,null,null,0,0,0,0,9,0,0,22.1
_result,0,2026-01-17T14:02:00Z,null,null,null,null,null,null,null,null,10.819999999999997,0,0,0,null,null,null,null,null,null,null,null,null,null
_result,0,2026-01-17T14:03:00Z,null,null,null,null,null,null,null,null,10.819999999999995,0,0,0,null,null,null,null,null,null,null,null,null,null
_result,0,2026-01-17T14:04:00Z,null,null,null,null,null,null,null,null,10.819999999999997,0,0,0,null,null,null,null,null,null,null,null,null,null
_result,0,2026-01-17T14:05:00Z,null,null,null,null,null,null,null,null,10.819999999999997,0,0,0,null,null,null,null,null,null,null,null,null,null
_result,0,2026-01-17T14:06:00Z,null,null,null,null,null,null,null,null,10.819999999999997,0,0,0,null,null,null,null,null,null,null,null,null,null
_result,0,2026-01-17T14:07:00Z,null,null,null,null,null,null,null,null,10.819999999999995,0,0,0,null,null,null,null,null,null,null,null,null,null
_result,0,2026-01-17T14:08:00Z,null,null,null,null,null,null,null,null,10.819999999999997,0,0,0,null,null,null,null,null,null,null,null,null,null
_result,0,2026-01-17T14:09:00Z,null,null,null,null,null,null,null,null,10.819999999999997,0,0,0,null,null,null,null,null,null,null,null,null,null
_result,0,2026-01-17T14:10:00Z,null,null,null,null,null,null,null,null,10.819999999999997,0,0,0,null,null,null,null,null,null,null,null,null,null
_result,0,2026-01-17T14:11:00Z,null,null,null,null,null,null,null,null,10.819999999999995,0,0,0,null,null,null,null,null,null,null,null,null,null
_result,0,2026-01-17T14:12:00Z,null,null,null,null,null,null,null,null,10.819999999999995,0,0,0,null,null,null,null,null,null,null,null,null,null
_result,0,2026-01-17T14:13:00Z,null,null,null,null,null,null,null,null,10.819999999999995,0,0,0,null,null,null,null,null,null,null,null,null,null
_result,0,2026-01-17T14:14:00Z,null,null,null,null,null,null,null,null,10.819999999999997,0,0,0,null,null,null,null,null,null,null,null,null,null
_result,0,2026-01-17T14:15:00Z,null,null,null,null,null,null,null,null,10.819999999999997,0,0,0,null,null,null,null,null,null,null,null,null,null
_result,0,2026-01-17T14:16:00Z,null,null,null,null,null,null,null,null,10.819999999999997,0,0,0,null,null,null,null,null,null,null,null,null,null
_result,0,2026-01-17T14:17:00Z,null,null,null,null,null,null,null,null,10.819999999999997,0,0,0,null,null,null,null,null,null,null,null,null,null
_result,0,2026-01-17T14:18:00Z,null,null,null,null,null,null,null,null,10.819999999999997,0,0,0,null,null,null,null,null,null,null,null,null,null
_result,0,2026-01-17T14:19:00Z,null,null,null,null,null,null,null,null,10.819999999999997,0,0,0,null,null,null,null,null,null,null,null,null,null
_result,0,2026-01-17T14:20:00Z,null,null,null,null,null,null,null,null,10.819999999999997,0,0,0,null,null,null,null,null,null,null,null,null,null
_result,0,2026-01-17T14:21:00Z,null,null,null,null,null,null,null,null,10.819999999999995,0,0,0,null,null,null,null,null,null,null,null,null,null
_result,0,2026-01-17T14:22:00Z,null,null,null,null,null,null,null,null,10.819999999999997,0,0,0,null,null,null,null,null,null,null,null,null,null
_result,0,2026-01-17T14:23:00Z,null,null,null,null,null,null,null,null,10.819999999999997,0,0,0,null,null,null,null,null,null,null,null,null,null
_result,0,2026-01-17T14:24:00Z,null,null,null,null,null,null,null,null,10.819999999999995,0,0,0,null,null,null,null,null,null,null,null,null,null
_result,0,2026-01-17T14:25:00Z,null,null,null,null,null,null,null,null,10.819999999999997,0,0,0,null,null,null,null,null,null,null,null,null,null
_result,0,2026-01-17T14:26:00Z,null,null,null,null,null,null,null,null,10.819999999999997,0,0,0,null,null,null,null,null,null,null,null,null,null
_result,0,2026-01-17T14:27:00Z,null,null,null,null,null,null,null,null,10.819999999999997,0,0,0,null,null,null,null,null,null,null,null,null,null
_result,0,2026-01-17T14:28:00Z,null,null,null,null,null,null,null,null,10.819999999999997,0,0,0,null,null,null,null,null,null,null,null,null,null
_result,0,2026-01-17T14:29:00Z,null,null,null,null,null,null,null,null,10.819999999999997,0,0,0,null,null,null,null,null,null,null,null,null,null
_result,0,2026-01-17T14:30:00Z,null,null,null,null,null,null,null,null,10.819999999999997,0,0,0,null,null,null,null,null,null,null,null,null,null
_result,0,2026-01-17T14:31:00Z,null,null,null,null,null,null,null,null,10.819999999999997,0,0,0,null,null,null,null,null,null,null,null,null,null
_result,0,2026-01-17T14:32:00Z,null,null,null,null,null,null,null,null,10.819999999999997,0,0,0,null,null,null,null,null,null,null,null,null,null
_result,0,2026-01-17T14:33:00Z,null,null,null,null,null,null,null,null,10.819999999999997,0,0,0,null,null,null,null,null,null,null,null,null,null
_result,0,2026-01-17T14:34:00Z,null,null,null,null,null,null,null,null,10.819999999999997,0,0,0,null,null,null,null,null,null,null,null,null,null
_result,0,2026-01-17T14:35:00Z,564.9999872,11.4,51,21.8,0.268,0,21.49,0,10.819999999999997,0,0,0,1,21.7,0,0,0,0,9,0,0,22.1
_result,0,2026-01-17T14:36:00Z,564.9999872000003,11.4,51.785714285714285,21.8,0.26799999999999985,null,null,null,10.819999999999997,0,0,0,1,21.699999999999992,0.1875,0,0,0,9,0,0.1875,22.100000000000012
_result,0,2026-01-17T14:37:00Z,564.9999872000003,11.4,52,21.8,0.26799999999999985,null,null,null,10.819999999999997,0,0,0,1,21.699999999999996,0.2903225806451613,0,0,0,9,0,0.25806451612903225,22.100000000000012
_result,0,2026-01-17T14:38:00Z,564.9999872000003,11.399999999999999,52,21.799999999999997,0.26799999999999985,null,null,null,10.819999999999999,0,0,0,1,21.699999999999992,0,0,0,0,9,0,0,22.100000000000012
_result,0,2026-01-17T14:39:00Z,564.9999872000003,11.4,52,21.8,0.26799999999999985,null,null,null,10.819999999999999,0,0,0,1,21.699999999999992,0,0,0,0,9,0,0,22.100000000000012
_result,0,2026-01-17T14:40:00Z,564.9999872000003,11.4,52,21.964285714285715,0.26799999999999985,null,null,null,10.819999999999999,0,0,0,1,21.699999999999992,0,0,0,0,9,0,0,22.100000000000012
_result,0,2026-01-17T14:41:00Z,564.9999872000003,11.400000000000002,52,22,0.26799999999999985,null,null,null,10.819999999999997,0,0,0,1,21.699999999999992,0,0,0,0,9,0,0,22.100000000000012
_result,0,2026-01-17T14:42:00Z,564.9999872000003,11.4,52,22,0.26799999999999985,null,null,null,10.819999999999999,0,0,0,1,21.699999999999992,0,0,0,0,9,0,0,22.100000000000012
_result,0,2026-01-17T14:43:00Z,564.9999872000002,11.400000000000004,52,22,0.26799999999999985,null,null,null,10.819999999999997,0,0,0,1,21.699999999999996,0,0,0,0,9,0,0,22.100000000000012
_result,0,2026-01-17T14:44:00Z,564.9999872000003,11.4,52,22,0.26799999999999985,null,null,null,10.819999999999997,0,0,0,1,21.699999999999992,0,0,0,0,9,0,0,22.100000000000012
_result,0,2026-01-17T14:45:00Z,564.9999872000003,11.399999999999999,52,22,0.26799999999999985,null,null,null,10.819999999999997,0,0,0,1,21.699999999999992,0,0,0,0,9,0,0,22.100000000000016
_result,0,2026-01-17T14:46:00Z,564.9999872000003,11.4,52,22,0.26799999999999985,null,null,null,10.819999999999997,0,0,0,1,21.699999999999992,0,0,0,0,9,0,0,22.100000000000012
_result,0,2026-01-17T14:47:00Z,564.9999872000003,11.4,52,22,0.26799999999999985,null,null,null,10.819999999999997,0,0,0,1,21.699999999999992,0,0,0,0,9,0,0,22.100000000000012
_result,0,2026-01-17T14:48:00Z,564.9999872000003,11.4,52,22,0.26799999999999985,null,null,null,10.819999999999997,0,0,0,1,21.699999999999992,0,0,0,0,9,0,0,22.100000000000012
_result,0,2026-01-17T14:49:00Z,564.9999872000003,11.4,52,22.425925925925927,0.26799999999999985,null,null,null,10.819999999999997,0,0,0,1,21.699999999999992,0,0,0,0,9,0,0,22.100000000000012
_result,0,2026-01-17T14:50:00Z,564.9999872000003,11.4,52,22.5,0.26799999999999985,null,null,null,10.819999999999997,0,0,0,1,21.699999999999996,0,0,0,0,9,0,0,22.100000000000012
_result,0,2026-01-17T14:51:00Z,564.9999872000003,11.399999999999999,52,22.5,0.26799999999999985,null,null,null,10.819999999999997,0,0,0,1,21.699999999999992,0,0,0,0,9,0,0,22.100000000000012
_result,0,2026-01-17T14:52:00Z,564.9999872000003,11.4,52,22.5,0.26799999999999985,null,null,null,10.819999999999997,0,0,0,1,21.699999999999992,0,0,0,0,9,0,0,22.100000000000012
_result,0,2026-01-17T14:53:00Z,585.222229333333,12.051851851851847,51.18518518518518,22.67037037037037,0.26355555555555576,null,null,null,10.819999999999997,0,0,0,1,21.699999999999996,0,0,0,0,9,0,0,22.100000000000012
_result,0,2026-01-17T14:54:00Z,591.0000127999997,12.199999999999996,51,22.7,0.2620000000000002,null,null,null,10.819999999999997,0,0,0,1,21.699999999999992,0,0,0,0,9,0,0,22.100000000000012
_result,0,2026-01-17T14:55:00Z,591.0000127999997,12.199999999999996,51,22.699999999999996,0.2620000000000002,null,null,null,10.819999999999997,0,0,0,1,21.699999999999992,0,0,0,0,9,0,0,22.100000000000012
_result,0,2026-01-17T14:56:00Z,591.0000127999996,12.199999999999994,51,22.7,0.2620000000000002,null,null,null,10.819999999999997,0,0,0,1,21.699999999999992,0,0,0,0,9,0,0,22.100000000000012
_result,0,2026-01-17T14:57:00Z,591.0000127999996,12.199999999999994,51,22.700000000000003,0.26200000000000023,null,null,null,10.819999999999999,0,0,0,1,21.699999999999996,0,0,0,0,9,0,0,22.100000000000012
_result,0,2026-01-17T14:58:00Z,591.0000127999996,12.199999999999994,51,22.700000000000003,0.26200000000000023,null,null,null,10.819999999999997,0,0,0,1,21.699999999999996,0,0,0,0,9,0,0,22.100000000000012
_result,0,2026-01-17T14:59:00Z,591.0000127999996,12.199999999999994,51,22.700000000000003,0.26200000000000023,null,null,null,10.819999999999997,0,0,0,1,21.699999999999992,0,0,0,0,9,0,0,22.100000000000012
_result,0,2026-01-17T15:00:00Z,591.0000127999996,12.199999999999994,51,22.95862068965517,0.26200000000000023,null,null,null,10.819999999999997,0,0,0,1,21.699999999999992,0,0,0,0,9,0,0,22.100000000000012
_result,0,2026-01-17T15:01:00Z,591.0000127999996,12.199999999999994,51,23,0.26200000000000023,null,null,null,10.819999999999997,0,0,0,1,21.699999999999992,0,0,0,0,9,0,0,22.100000000000016
_result,0,2026-01-17T15:02:00Z,591.0000127999997,12.199999999999996,51,23,0.2620000000000002,null,null,null,10.819999999999997,0,0,0,1,21.699999999999992,0,0,0,0,9,0,0,22.100000000000012
_result,0,2026-01-17T15:03:00Z,189.120004096,3.4160000000000004,12.24,4.6,0.09432,null,null,null,1.8033333333333335,0,0,0,0.4166666666666667,7.233333333333333,0,0,0,0,1.894736842105263,0,0,4.071052631578947
_result,0,2026-01-17T15:04:00Z,550.2413912275858,11.77931034482758,51,23,0.2439310344827588,null,null,null,10.819999999999997,0,0,0,0.9166666666666666,21.699999999999992,0,0,0,0,8.808510638297872,0,0,22.100000000000016
_result,0,2026-01-17T15:05:00Z,591.0000127999997,12.199999999999996,51,23,0.2620000000000002,null,null,null,10.819999999999997,0,0,0,1,21.699999999999992,0,0,0,0,9,0,0,22.100000000000012
_result,0,2026-01-17T15:06:00Z,591.0000127999996,12.199999999999994,51,23,0.2620000000000002,null,null,null,10.819999999999999,0,0,0,1,21.699999999999992,0,0,0,0,9,0,0,22.100000000000012
_result,0,2026-01-17T15:07:00Z,591.0000127999996,12.199999999999994,51,23,0.2620000000000002,null,null,null,10.819999999999999,0,0,0,1,21.699999999999992,0,0,0,0,9,0,0,22.10000000000001
_result,0,2026-01-17T15:08:00Z,591.0000127999997,12.199999999999996,51,23,0.2620000000000002,null,null,null,10.819999999999997,0,0,0,1,21.699999999999992,0,0,0,0,9,0,0,22.100000000000012
_result,0,2026-01-17T15:09:00Z,591.0000127999997,12.199999999999996,51,23,0.2620000000000002,null,null,null,10.819999999999997,0,0,0,1,21.699999999999992,0,0,0,0,9,0,0,22.100000000000012
_result,0,2026-01-17T15:10:00Z,591.0000127999997,12.199999999999996,51,23,0.2620000000000002,null,null,null,10.819999999999997,0,0,0,1,21.699999999999992,0,0,0,0,9,0,0,22.100000000000012
_result,0,2026-01-17T15:11:00Z,591.0000127999996,12.199999999999994,51,23,0.2620000000000002,null,null,null,10.819999999999999,0,0,0,1,21.699999999999992,0,0,0,0,9,0,0,22.100000000000012
_result,0,2026-01-17T15:12:00Z,591.0000127999996,12.199999999999994,51,23,0.26200000000000023,null,null,null,10.819999999999999,0,0,0,1,21.699999999999992,0,0,0,0,9,0,0,22.100000000000012
_result,0,2026-01-17T15:13:00Z,591.0000127999997,12.199999999999996,51,23,0.2620000000000002,null,null,null,10.819999999999997,0,0,0,1,21.699999999999992,0,0,0,0,9,0,0,22.100000000000012
_result,0,2026-01-17T15:14:00Z,591.0000127999997,12.199999999999996,51,23,0.2620000000000002,null,null,null,10.819999999999997,0,0,0,1,21.699999999999992,0,0,0,0,9,0,0,22.100000000000012
_result,0,2026-01-17T15:15:00Z,591.0000127999997,12.199999999999996,51,23,0.2620000000000002,null,null,null,10.819999999999999,0,0,0,1,21.699999999999992,0,0,0,0,9,0,0,22.100000000000012
_result,0,2026-01-17T15:16:00Z,591.0000127999997,12.199999999999996,51,23.42,0.2620000000000002,null,null,null,10.819999999999999,0,0,0,1,21.699999999999992,0,0,0,0,9,0,0,22.100000000000012
_result,0,2026-01-17T15:17:00Z,591.0000127999996,12.199999999999994,51,23.5,0.26200000000000023,null,null,null,10.819999999999997,0,0,0,1,21.699999999999992,0,0,0,0,9,0,0,22.100000000000012
_result,0,2026-01-17T15:18:00Z,591.0000127999997,12.199999999999996,51,23.5,0.2620000000000002,null,null,null,10.819999999999999,0,0,0,1,21.699999999999992,0,0,0,0,9,0,0,22.100000000000012
_result,0,2026-01-17T15:19:00Z,591.0000127999997,12.199999999999996,51,23.5,0.2620000000000002,null,null,null,10.819999999999997,0,0,0,1,21.699999999999992,0,0,0,0,9,0,0,22.100000000000012
_result,0,2026-01-17T15:20:00Z,591.0000127999997,12.199999999999996,51,23.5,0.2620000000000002,null,null,null,10.819999999999997,0,0,0,1,21.699999999999996,0,0,0,0,9,0,0,22.100000000000012
_result,0,2026-01-17T15:21:00Z,591.0000127999997,12.199999999999996,51,23.5,0.2620000000000002,null,null,null,10.819999999999997,0,0,0,1,21.699999999999996,0,0,0,0,9,0,0,22.100000000000012
_result,0,2026-01-17T15:22:00Z,591.0000127999997,12.199999999999996,51,23.5,0.2620000000000002,null,null,null,10.819999999999999,0,0,0,1,21.699999999999992,0,0,0,0,9,0,0,22.100000000000012
_result,0,2026-01-17T15:23:00Z,613.6538683076925,12.661538461538468,50.19230769230769,23.661538461538463,0.29176923076923067,null,null,null,10.819999999999997,0,0,0,1,21.699999999999992,0,0,0,0,9,0,0,22.100000000000012
_result,0,2026-01-17T15:24:00Z,622.0000256,12.800000000000006,50,23.700000000000006,0.3049999999999999,null,null,null,10.819999999999999,0,0,0,1,21.699999999999992,0,0,0,0,9,0,0,22.100000000000012
_result,0,2026-01-17T15:25:00Z,622.0000256000002,12.800000000000004,50,23.700000000000003,0.3049999999999999,null,null,null,10.819999999999997,0,0,0,1,21.699999999999996,0,0,0,0,9,0,0,22.100000000000012
_result,0,2026-01-17T15:26:00Z,622.0000256000001,12.800000000000004,50,23.700000000000003,0.30499999999999994,null,null,null,10.819999999999997,0,0,0,1,21.699999999999992,0,0,0,0,9,0,0,22.100000000000012
_result,0,2026-01-17T15:27:00Z,622.0000256000001,12.800000000000006,50,23.700000000000006,0.3049999999999999,null,null,null,10.819999999999997,0,0,0,1,21.699999999999992,0,0,0,0,9,0,0,22.100000000000012
_result,0,2026-01-17T15:28:00Z,622.0000256000002,12.800000000000004,50,23.7,0.3049999999999999,null,null,null,10.819999999999997,0,0,0,1,21.699999999999996,0,0,0,0,9,0,0,22.100000000000012
_result,0,2026-01-17T15:29:00Z,622.0000256000001,12.800000000000004,50,23.700000000000003,0.30499999999999994,null,null,null,10.819999999999997,0,0,0,1,21.699999999999992,0,0,0,0,9,0,0,22.100000000000012
_result,0,2026-01-17T15:30:00Z,622.0000256000001,12.800000000000006,50,23.700000000000006,0.3049999999999999,null,null,null,10.819999999999997,0,0,0,1,21.699999999999992,0,0,0,0,9,0,0,22.100000000000012
_result,0,2026-01-17T15:31:00Z,622.0000256000002,12.800000000000004,50,23.700000000000003,0.3049999999999999,null,null,null,10.819999999999997,0,0,0,1,21.699999999999992,0,0,0,0,9,0,0,22.100000000000012
_result,0,2026-01-17T15:32:00Z,622.0000256000001,12.800000000000004,50,23.700000000000003,0.30499999999999994,null,null,null,10.819999999999997,0,0,0,1,21.699999999999992,0,0,0,0,9,0,0,22.100000000000012
_result,0,2026-01-17T15:33:00Z,622.0000256,12.800000000000006,50,23.948275862068964,0.3049999999999999,null,null,null,10.819999999999997,0,0,0,1,21.699999999999996,0,0,0,0,9,0,0,22.100000000000012
_result,0,2026-01-17T15:34:00Z,622.0000256000002,12.800000000000004,50,24,0.3049999999999999,null,null,null,10.819999999999997,0,0,0,1,21.699999999999992,0,0,0,0,9,0,0,22.100000000000012
_result,0,2026-01-17T15:35:00Z,622.0000256000001,12.800000000000006,50,24,0.3049999999999999,null,null,null,10.819999999999997,0,0,0,1,21.699999999999992,0,0,0,0,9,0,0,22.100000000000012
_result,0,2026-01-17T15:36:00Z,622.0000256000002,12.800000000000004,50,24,0.3049999999999999,null,null,null,10.819999999999997,0,0,0,1,21.699999999999996,0,0,0,0,9,0,0,22.100000000000012
_result,0,2026-01-17T15:37:00Z,622.0000256000001,12.800000000000004,50,24,0.30499999999999994,null,null,null,10.819999999999997,0,0,0,1,21.699999999999992,0,0,0,0,9,0,0,22.100000000000012
_result,0,2026-01-17T15:38:00Z,622.0000256000001,12.800000000000006,50,24,0.3049999999999999,null,null,null,10.819999999999997,0,0,0,1,21.699999999999992,0,0,0,0,9,0,0,22.100000000000012
_result,0,2026-01-17T15:39:00Z,622.0000256,12.800000000000006,50,24,0.3049999999999999,null,null,null,10.819999999999997,0,0,0,1,21.699999999999992,0,0,0,0,9,0,0,22.100000000000012
_result,0,2026-01-17T15:40:00Z,622.0000256000001,12.800000000000004,50,24,0.30499999999999994,null,null,null,10.819999999999997,0,0,0,1,21.699999999999992,0,0,0,0,9,0,0,22.100000000000012
_result,0,2026-01-17T15:41:00Z,622.0000256000002,12.800000000000004,50,24,0.3049999999999999,null,null,null,10.819999999999997,0,0,0,1,21.699999999999992,0,0,0,0,9,0,0,22.100000000000012
_result,0,2026-01-17T15:42:00Z,622.0000256000001,12.800000000000004,50,24,0.30499999999999994,null,null,null,10.819999999999997,0,0,0,1,21.699999999999992,0,0,0,0,9,0,0,22.100000000000012
_result,0,2026-01-17T15:43:00Z,622.0000256000001,12.800000000000002,50,24,0.30499999999999994,null,null,null,10.819999999999997,0,0,0,1,21.699999999999996,0,0,0,0,9,0,0,22.100000000000012
_result,0,2026-01-17T15:44:00Z,622.0000256,12.800000000000006,50,24,0.3049999999999999,null,null,null,10.819999999999997,0,0,0,1,21.699999999999992,0,0,0,0,9,0,0,22.100000000000012
_result,0,2026-01-17T15:45:00Z,622.0000256000001,12.800000000000004,50,24,0.30499999999999994,null,null,null,10.819999999999997,0,0,0,1,21.699999999999992,0,0,0,0,9,0,0,22.100000000000012
_result,0,2026-01-17T15:46:00Z,622.0000256000001,12.800000000000002,50,24,0.30499999999999994,null,null,null,10.819999999999999,0,0,0,1,21.699999999999996,0,0,0,0,9,0,0,22.10000000000001
_result,0,2026-01-17T15:47:00Z,622.0000256000001,12.800000000000004,50,24,0.30499999999999994,null,null,null,10.819999999999997,0,0,0,1,21.699999999999992,0,0,0,0,9,0,0,22.100000000000016
_result,0,2026-01-17T15:48:00Z,622.0000256000002,12.800000000000004,50,24.395833333333332,0.3049999999999999,null,null,null,10.819999999999999,0,0,0,1,21.699999999999996,0,0,0,0,9,0,0,22.100000000000012
_result,0,2026-01-17T15:49:00Z,622.0000255999997,12.800000000000006,50,24.5,0.3049999999999999,null,null,null,10.819999999999997,0,0,0,1,21.699999999999992,0,0,0,0,9,0,0,22.100000000000016
_result,0,2026-01-17T15:50:00Z,622.0000256000001,12.800000000000006,50,24.5,0.3049999999999999,null,null,null,10.819999999999999,0,0,0,1,21.699999999999992,0,0,0,0,9,0,0,22.100000000000012
_result,0,2026-01-17T15:51:00Z,622.0000256000001,12.800000000000006,50,24.5,0.3049999999999999,null,null,null,10.819999999999997,0,0,0,1,21.699999999999992,0,0,0,0,9,0,0,22.100000000000012
_result,0,2026-01-17T15:52:00Z,622.0000256,12.800000000000006,50,24.5,0.3049999999999999,null,null,null,10.819999999999997,0,0,0,1,21.699999999999992,0,0,0,0,9,0,0,22.100000000000012
_result,0,2026-01-17T15:53:00Z,645.3846409846155,13.415384615384617,50,24.584615384615397,0.3264615384615386,null,null,null,10.819999999999999,0,0,0,1,21.699999999999992,0,0,0,0,9,0,0,22.100000000000012
_result,0,2026-01-17T15:54:00Z,654.0000256,13.600000000000005,50,24.600000000000012,0.33600000000000013,null,null,null,10.819999999999997,0,0,0,1,21.699999999999992,0,0,0,0,9,0,0,22.100000000000012
_result,0,2026-01-17T15:55:00Z,654.0000256000001,13.599999999999998,50,24.600000000000005,0.3360000000000001,null,null,null,10.819999999999997,0,0,0,1,21.699999999999996,0,0,0,0,9,0,0,22.100000000000012
_result,0,2026-01-17T15:56:00Z,654.0000256000001,13.600000000000003,50,24.60000000000001,0.3360000000000001,null,null,null,10.819999999999997,0,0,0,1,21.699999999999992,0,0,0,0,9,0,0,22.100000000000012
_result,0,2026-01-17T15:57:00Z,654.0000256000001,13.600000000000003,50,24.60000000000001,0.3360000000000001,null,null,null,10.819999999999997,0,0,0,1,21.699999999999992,0,0,0,0,9,0,0,22.100000000000012
_result,0,2026-01-17T15:58:00Z,654.0000256000002,13.600000000000003,50,24.60000000000001,0.3360000000000001,null,null,null,10.819999999999997,0,0,0,1,21.699999999999992,0,0,0,0,9,0,0,22.100000000000012
_result,0,2026-01-17T15:59:00Z,654.0000256000002,13.600000000000001,50,24.60000000000001,0.3360000000000001,null,null,null,10.819999999999997,0,0,0,1,21.699999999999992,0,0,0,0,9,0,0,22.100000000000012
_result,0,2026-01-17T16:00:00Z,654.0000256000002,13.600000000000003,50,24.60000000000001,0.3360000000000001,null,null,null,10.819999999999997,0,0,0,1,21.699999999999992,0,0,0,0,9,0,0,22.100000000000012
_result,0,2026-01-17T16:01:00Z,654.0000256,13.600000000000005,50,24.600000000000012,0.33600000000000013,null,null,null,10.819999999999997,0,0,0,1,21.699999999999992,0,0,0,0,9,0,0,22.100000000000012
_result,0,2026-01-17T16:02:00Z,654.0000256000002,13.600000000000001,50,24.60000000000001,0.3360000000000001,null,null,null,10.819999999999997,0,0,0,1,21.699999999999992,0,0,0,0,9,0,0,22.100000000000012
_result,0,2026-01-17T16:03:00Z,654.0000256,13.600000000000005,50,24.600000000000012,0.33600000000000013,null,null,null,10.819999999999999,0,0,0,1,21.699999999999992,0,0,0,0,9,0,0,22.100000000000012
_result,0,2026-01-17T16:04:00Z,654.0000256000001,13.600000000000003,50,24.60000000000001,0.3360000000000001,null,null,null,10.819999999999997,0,0,0,1,21.699999999999992,0,0,0,0,9,0,0,22.100000000000012
_result,0,2026-01-17T16:05:00Z,654.0000256000002,13.600000000000001,50,24.60000000000001,0.3360000000000001,null,null,null,10.819999999999999,0,0,0,1,21.699999999999992,0,0,0,0,9,0,0,22.100000000000012
_result,0,2026-01-17T16:06:00Z,654.0000256000001,13.600000000000003,50,24.60000000000001,0.3360000000000001,null,null,null,10.819999999999999,0,0,0,1,21.699999999999992,0,0,0,0,9,0,0,22.100000000000012
_result,0,2026-01-17T16:07:00Z,654.0000256000002,13.600000000000001,50,24.60000000000001,0.3360000000000001,null,null,null,10.819999999999997,0,0,0,1,21.699999999999992,0,0,0,0,9,0,0,22.100000000000012
_result,0,2026-01-17T16:08:00Z,654.0000256000002,13.6,50,24.60000000000001,0.3360000000000001,null,null,null,10.819999999999997,0,0,0,1,21.699999999999992,0,0,0,0,9,0,0,22.100000000000012
_result,0,2026-01-17T16:09:00Z,654.0000256000002,13.600000000000001,50,24.60000000000001,0.3360000000000001,null,null,null,10.819999999999997,0,0,0,1,21.699999999999992,0,0,0,0,9,0,0,22.100000000000012
_result,0,2026-01-17T16:10:00Z,654.0000256000002,13.600000000000003,50,24.60000000000001,0.3360000000000001,null,null,null,10.819999999999997,0,0,0,1,21.699999999999992,0,0,0,0,9,0,0,22.100000000000012
_result,0,2026-01-17T16:11:00Z,654.0000256000002,13.600000000000003,50,24.60000000000001,0.3360000000000001,null,null,null,10.819999999999997,0,0,0,1,21.699999999999992,0,0,0,0,9,0,0,22.100000000000012
_result,0,2026-01-17T16:12:00Z,654.0000256000002,13.600000000000001,50,24.60000000000001,0.3360000000000001,null,null,null,10.819999999999997,0,0,0,1,21.699999999999992,0,0,0,0,9,0,0,22.100000000000012
_result,0,2026-01-17T16:13:00Z,654.0000256000002,13.600000000000003,50,24.60000000000001,0.3360000000000001,null,null,null,10.819999999999997,0,0,0,1,21.699999999999992,0,0,0,0,9,0,0,22.100000000000012
_result,0,2026-01-17T16:14:00Z,654.0000256000001,13.600000000000005,50,24.600000000000012,0.33600000000000013,null,null,null,10.819999999999997,0,0,0,1,21.699999999999992,0,0,0,0,9,0,0,22.100000000000012
_result,0,2026-01-17T16:15:00Z,654.0000256000001,13.600000000000003,50,24.60000000000001,0.3360000000000001,null,null,null,10.819999999999997,0,0,0,1,21.699999999999996,0,0,0,0,9,0,0,22.100000000000012
_result,0,2026-01-17T16:16:00Z,654.0000256000002,13.600000000000003,50,24.60000000000001,0.3360000000000001,null,null,null,10.819999999999997,0,0,0,1,21.699999999999992,0,0,0,0,9,0,0,22.100000000000012
_result,0,2026-01-17T16:17:00Z,654.0000256000001,13.600000000000003,50,24.60000000000001,0.3360000000000001,null,null,null,10.819999999999997,0,0,0,1,21.699999999999992,0,0,0,0,9,0,0,22.100000000000012
_result,0,2026-01-17T16:18:00Z,654.0000256000001,13.600000000000003,50,24.60000000000001,0.3360000000000001,null,null,null,10.819999999999999,0,0,0,1,21.699999999999996,0,0,0,0,9,0,0,22.100000000000012
_result,0,2026-01-17T16:19:00Z,46.71428754285714,0.4857142857142857,1.7857142857142858,0,0.024,null,null,null,0.47043478260869565,0,0,0,0.08333333333333333,0,0,0,0,0,0.2,0,0,0
_result,0,2026-01-17T16:20:00Z,0,0,0,0,0,null,null,null,0,0,0,0,0,0,0,0,0,0,0,0,0,0
_result,0,2026-01-17T16:21:00Z,0,0,0,0,0,null,null,null,0,0,0,0,0,0,0,0,0,0,0,0,0,0
_result,0,2026-01-17T16:22:00Z,0,0,0,0,0,null,null,null,0,0,0,0,0,0,0,0,0,0,0,0,0,0
_result,0,2026-01-17T16:23:00Z,0,0,0,0,0,null,null,null,0,0,0,0,0,0,0,0,0,0,0,0,0,0
_result,0,2026-01-17T16:24:00Z,0,0,0,0,0,null,null,null,0,0,0,0,0,0,0,0,0,0,0,0,0,0
_result,0,2026-01-17T16:25:00Z,0,0,0,0,0,null,null,null,0,0,0,0,0,0,0,0,0,0,0,0,0,0
_result,0,2026-01-17T16:26:00Z,0,0,0,0,0,null,null,null,0,0,0,0,0,0,0,0,0,0,0,0,0,0
_result,0,2026-01-17T16:27:00Z,0,0,0,0,0,null,null,null,0,0,0,0,0,0,0,0,0,0,0,0,0,0
_result,0,2026-01-17T16:28:00Z,0,0,0,0,0,null,null,null,0,0,0,0,0,0,0,0,0,0,0,0,0,0
_result,0,2026-01-17T16:29:00Z,0,0,0,0,0,null,null,null,0,0,0,0,0,0,0,0,0,0,0,0,0,0
_result,0,2026-01-17T16:30:00Z,0,0,0,0,0,null,null,null,0,0,0,0,0,0,0,0,0,0,0,0,0,0
_result,0,2026-01-17T16:31:00Z,0,0,0,0,0,null,null,null,0,0,0,0,0,0,0,0,0,0,0,0,0,0
_result,0,2026-01-17T16:32:00Z,0,0,0,0,0,null,null,null,0,0,0,0,0,0,0,0,0,0,0,0,0,0
_result,0,2026-01-17T16:33:00Z,0,0,0,0,0,null,null,null,0,0,0,0,0,0,0,0,0,0,0,0,0,0
_result,0,2026-01-17T16:34:00Z,0,0,0,0,0,null,null,null,0,0,0,0,0,0,0,0,0,0,0,0,0,0
_result,0,2026-01-17T16:35:00Z,0,0,0,0,0,null,null,null,0,0,0,0,0,0,0,0,0,0,0,0,0,0
_result,0,2026-01-17T16:36:00Z,0,0,0,0,0,null,null,null,0,0,0,0,0,0,0,0,0,0,0,0,0,0
_result,0,2026-01-17T16:37:00Z,0,0,0,0,0,null,null,null,0,0,0,0,0,0,0,0,0,0,0,0,0,0
_result,0,2026-01-17T16:38:00Z,0,0,0,0,0,null,null,null,0,0,0,0,0,0,0,0,0,0,0,0,0,0
_result,0,2026-01-17T16:39:00Z,0,0,0,0,0,null,null,null,0,0,0,0,0,0,0,0,0,0,0,0,0,0
_result,0,2026-01-17T16:40:00Z,0,0,0,0,0,null,null,null,0,0,0,0,0,0,0,0,0,0,0,0,0,0
_result,0,2026-01-17T16:41:00Z,0,0,0,0,0,null,null,null,0,0,0,0,0,0,0,0,0,0,0,0,0,0
_result,0,2026-01-17T16:42:00Z,0,0,0,0,0,null,null,null,0,0,0,0,0,0,0,0,0,0,0,0,0,0
_result,0,2026-01-17T16:43:00Z,0,0,0,0,0,null,null,null,0,0,0,0,0,0,0,0,0,0,0,0,0,0
_result,0,2026-01-17T16:44:00Z,0,0,0,0,0,null,null,null,0,0,0,0,0,0,0,0,0,0,0,0,0,0
_result,0,2026-01-17T16:45:00Z,0,0,0,0,0,null,null,null,0,0,0,0,0,0,0,0,0,0,0,0,0,0
_result,0,2026-01-17T16:46:00Z,0,0,0,0,0,null,null,null,0,0,0,0,0,0,0,0,0,0,0,0,0,0
_result,0,2026-01-17T16:47:00Z,0,0,0,0,0,null,null,null,0,0,0,0,0,0,0,0,0,0,0,0,0,0
_result,0,2026-01-17T16:48:00Z,0,0,0,0,0,null,null,null,0,0,0,0,0,0,0,0,0,0,0,0,0,0
_result,0,2026-01-17T16:49:00Z,0,0,0,0,0,null,null,null,0,0,0,0,0,0,0,0,0,0,0,0,0,0
_result,0,2026-01-17T16:50:00Z,0,0,0,0,0,null,null,null,0,0,0,0,0,0,0,0,0,0,0,0,0,0
_result,0,2026-01-17T16:51:00Z,0,0,0,0,0,null,null,null,0,0,0,0,0,0,0,0,0,0,0,0,0,0
_result,0,2026-01-17T16:52:00Z,0,0,0,0,0,null,null,null,0,0,0,0,0,0,0,0,0,0,0,0,0,0
_result,0,2026-01-17T16:53:00Z,0,0,0,0,0,null,null,null,0,0,0,0,0,0,0,0,0,0,0,0,0,0
_result,0,2026-01-17T16:54:00Z,0,0,0,0,0,null,null,null,0,0,0,0,0,0,0,0,0,0,0,0,0,0
_result,0,2026-01-17T16:55:00Z,0,0,0,0,0,null,null,null,0,0,0,0,0,0,0,0,0,0,0,0,0,0
_result,0,2026-01-17T16:56:00Z,0,0,0,0,0,null,null,null,0,0,0,0,0,0,0,0,0,0,0,0,0,0
_result,0,2026-01-17T16:57:00Z,0,0,0,0,0,null,null,null,0,0,0,0,0,0,0,0,0,0,0,0,0,0
_result,0,2026-01-17T16:58:00Z,0,0,0,0,0,null,null,null,0,0,0,0,0,0,0,0,0,0,0,0,0,0
_result,0,2026-01-17T16:59:00Z,0,0,0,0,0,null,null,null,0,0,0,0,0,0,0,0,0,0,0,0,0,0
_result,0,2026-01-17T17:00:00Z,0,0,0,0,0,null,null,null,0,0,0,0,0,0,0,0,0,0,0,0,0,0
_result,0,2026-01-17T17:01:00Z,0,0,0,0,0,null,null,null,0,0,0,0,0,0,0,0,0,0,0,0,0,0
_result,0,2026-01-17T17:02:00Z,0,0,0,0,0,null,null,null,0,0,0,0,0,0,0,0,0,0,0,0,0,0
_result,0,2026-01-17T17:03:00Z,0,0,0,0,0,null,null,null,0,0,0,0,0,0,0,0,0,0,0,0,0,0
_result,0,2026-01-17T17:04:00Z,0,0,0,0,0,null,null,null,0,0,0,0,0,0,0,0,0,0,0,0,0,0
_result,0,2026-01-17T17:05:00Z,0,0,0,0,0,null,null,null,0,0,0,0,0,0,0,0,0,0,0,0,0,0
_result,0,2026-01-17T17:06:00Z,0,0,0,0,0,null,null,null,0,0,0,0,0,0,0,0,0,0,0,0,0,0
_result,0,2026-01-17T17:07:00Z,0,0,0,0,0,null,null,null,0,0,0,0,0,0,0,0,0,0,0,0,0,0
_result,0,2026-01-17T17:08:00Z,0,0,0,0,0,null,null,null,0,0,0,0,0,0,0,0,0,0,0,0,0,0
_result,0,2026-01-17T17:09:00Z,0,0,0,0,0,null,null,null,0,0,0,0,0,0,0,0,0,0,0,0,0,0
_result,0,2026-01-17T17:10:00Z,0,0,0,0,0,null,null,null,0,0,0,0,0,0,0,0,0,0,0,0,0,0
_result,0,2026-01-17T17:11:00Z,0,0,0,0,0,null,null,null,0,0,0,0,0,0,0,0,0,0,0,0,0,0
_result,0,2026-01-17T17:12:00Z,0,0,0,0,0,null,null,null,0,0,0,0,0,0,0,0,0,0,0,0,0,0
_result,0,2026-01-17T17:13:00Z,0,0,0,0,0,null,null,null,0,0,0,0,0,0,0,0,0,0,0,0,0,0
_result,0,2026-01-17T17:14:00Z,0,0,0,0,0,null,null,null,0,0,0,0,0,0,0,0,0,0,0,0,0,0
_result,0,2026-01-17T17:15:00Z,0,0,0,0,0,null,null,null,0,0,0,0,0,0,0,0,0,0,0,0,0,0
_result,0,2026-01-17T17:16:00Z,0,0,0,0,0,null,null,null,0,0,0,0,0,0,0,0,0,0,0,0,0,0
_result,0,2026-01-17T17:17:00Z,0,0,0,0,0,null,null,null,0,0,0,0,0,0,0,0,0,0,0,0,0,0
_result,0,2026-01-17T17:18:00Z,0,0,0,0,0,null,null,null,0,0,0,0,0,0,0,0,0,0,0,0,0,0
_result,0,2026-01-17T17:19:00Z,0,0,0,0,0,null,null,null,0,0,0,0,0,0,0,0,0,0,0,0,0,0
_result,0,2026-01-17T17:20:00Z,0,0,0,0,0,null,null,null,0,0,0,0,0,0,0,0,0,0,0,0,0,0
_result,0,2026-01-17T17:21:00Z,0,0,0,0,0,null,null,null,0,0,0,0,0,0,0,0,0,0,0,0,0,0
_result,0,2026-01-17T17:22:00Z,0,0,0,0,0,null,null,null,0,0,0,0,0,0,0,0,0,0,0,0,0,0
_result,0,2026-01-17T17:23:00Z,0,0,0,0,0,null,null,null,0,0,0,0,0,0,0,0,0,0,0,0,0,0
_result,0,2026-01-17T17:24:00Z,0,0,0,0,0,null,null,null,0,0,0,0,0,0,0,0,0,0,0,0,0,0
_result,0,2026-01-17T17:25:00Z,0,0,0,0,0,null,null,null,0,0,0,0,0,0,0,0,0,0,0,0,0,0
_result,0,2026-01-17T17:26:00Z,0,0,0,0,0,null,null,null,0,0,0,0,0,0,0,0,0,0,0,0,0,0
_result,0,2026-01-17T17:27:00Z,0,0,0,0,0,null,null,null,0,0,0,0,0,0,0,0,0,0,0,0,0,0
_result,0,2026-01-17T17:28:00Z,0,0,0,0,0,null,null,null,0,0,0,0,0,0,0,0,0,0,0,0,0,0
_result,0,2026-01-17T17:29:00Z,0,0,0,0,0,null,null,null,0,0,0,0,0,0,0,0,0,0,0,0,0,0
_result,0,2026-01-17T17:30:00Z,0,0,0,0,0,null,null,null,0,0,0,0,0,0,0,0,0,0,0,0,0,0
_result,0,2026-01-17T17:31:00Z,0,0,0,0,0,null,null,null,0,0,0,0,0,0,0,0,0,0,0,0,0,0
_result,0,2026-01-17T17:32:00Z,0,0,0,0,0,null,null,null,0,0,0,0,0,0,0,0,0,0,0,0,0,0
_result,0,2026-01-17T17:33:00Z,0,0,0,0,0,null,null,null,0,0,0,0,0,0,0,0,0,0,0,0,0,0
_result,0,2026-01-17T17:34:00Z,0,0,0,0,0,null,null,null,0,0,0,0,0,0,0,0,0,0,0,0,0,0
_result,0,2026-01-17T17:35:00Z,0,0,0,0,0,null,null,null,0,0,0,0,0,0,0,0,0,0,0,0,0,0
_result,0,2026-01-17T17:36:00Z,0,0,0,0,0,null,null,null,0,0,0,0,0,0,0,0,0,0,0,0,0,0
_result,0,2026-01-17T17:37:00Z,0,0,0,0,0,null,null,null,0,0,0,0,0,0,0,0,0,0,0,0,0,0
_result,0,2026-01-17T17:38:00Z,0,0,0,0,0,null,null,null,0,0,0,0,0,0,0,0,0,0,0,0,0,0
_result,0,2026-01-17T17:39:00Z,0,0,0,0,0,null,null,null,0,0,0,0,0,0,0,0,0,0,0,0,0,0
_result,0,2026-01-17T17:40:00Z,0,0,0,0,0,null,null,null,0,0,0,0,0,0,0,0,0,0,0,0,0,0
_result,0,2026-01-17T17:41:00Z,0,0,0,0,0,null,null,null,0,0,0,0,0,0,0,0,0,0,0,0,0,0
_result,0,2026-01-17T17:42:00Z,0,0,0,0,0,null,null,null,0,0,0,0,0,0,0,0,0,0,0,0,0,0
_result,0,2026-01-17T17:43:00Z,0,0,0,0,0,null,null,null,0,0,0,0,0,0,0,0,0,0,0,0,0,0
_result,0,2026-01-17T17:44:00Z,0,0,0,0,0,null,null,null,0,0,0,0,0,0,0,0,0,0,0,0,0,0
_result,0,2026-01-17T17:45:00Z,0,0,0,0,0,null,null,null,0,0,0,0,0,0,0,0,0,0,0,0,0,0
_result,0,2026-01-17T17:46:00Z,0,0,0,0,0,null,null,null,0,0,0,0,0,0,0,0,0,0,0,0,0,0
_result,0,2026-01-17T17:47:00Z,0,0,0,0,0,null,null,null,0,0,0,0,0,0,0,0,0,0,0,0,0,0
_result,0,2026-01-17T17:48:00Z,0,0,0,0,0,null,null,null,0,0,0,0,0,0,0,0,0,0,0,0,0,0
_result,0,2026-01-17T17:49:00Z,0,0,0,0,0,null,null,null,0,0,0,0,0,0,0,0,0,0,0,0,0,0
_result,0,2026-01-17T17:50:00Z,0,0,0,0,0,null,null,null,0,0,0,0,0,0,0,0,0,0,0,0,0,0
_result,0,2026-01-17T17:51:00Z,0,0,0,0,0,null,null,null,0,0,0,0,0,0,0,0,0,0,0,0,0,0
_result,0,2026-01-17T17:52:00Z,0,0,0,0,0,null,null,null,0,0,0,0,0,0,0,0,0,0,0,0,0,0
_result,0,2026-01-17T17:53:00Z,0,0,0,0,0,null,null,null,0,0,0,0,0,0,0,0,0,0,0,0,0,0
_result,0,2026-01-17T17:54:00Z,0,0,0,0,0,null,null,null,0,0,0,0,0,0,0,0,0,0,0,0,0,0
_result,0,2026-01-17T17:55:00Z,0,0,0,0,0,null,null,null,0,0,0,0,0,0,0,0,0,0,0,0,0,0
_result,0,2026-01-17T17:56:00Z,0,0,0,0,0,null,null,null,0,0,0,0,0,0,0,0,0,0,0,0,0,0
_result,0,2026-01-17T17:57:00Z,0,0,0,0,0,null,null,null,0,0,0,0,0,0,0,0,0,0,0,0,0,0
_result,0,2026-01-17T17:58:00Z,0,0,0,0,0,null,null,null,0,0,0,0,0,0,0,0,0,0,0,0,0,0
_result,0,2026-01-17T17:59:00Z,0,0,0,0,0,null,null,null,0,0,0,0,0,0,0,0,0,0,0,0,0,0
_result,0,2026-01-17T18:00:00Z,0,0,0,0,0,null,null,null,0,0,0,0,0,0,0,0,0,0,0,0,0,0
_result,0,2026-01-17T18:01:00Z,0,0,0,0,0,null,null,null,0,0,0,0,0,0,0,0,0,0,0,0,0,0
_result,0,2026-01-17T18:02:00Z,0,0,0,0,0,null,null,null,0,0,0,0,0,0,0,0,0,0,0,0,0,0
_result,0,2026-01-17T18:03:00Z,0,0,0,0,0,null,null,null,0,0,0,0,0,0,0,0,0,0,0,0,0,0
_result,0,2026-01-17T18:04:00Z,0,0,0,0,0,null,null,null,0,0,0,0,0,0,0,0,0,0,0,0,0,0
_result,0,2026-01-17T18:05:00Z,121.75758118787877,2.609090909090909,10.181818181818182,5.9878787878787865,0.06936363636363636,null,null,null,2.496923076923077,0,0,0,0.13333333333333333,4.34,0,0,0,0,2.8333333333333335,0,0,7.366666666666669
_result,0,2026-01-17T18:06:00Z,574.0000256000002,12.300000000000004,42,24.700000000000003,0.327,null,null,null,10.819999999999997,0,0,0,1,21.699999999999992,0,0,0,0,9,0,0,22.100000000000012
_result,0,2026-01-17T18:07:00Z,574.0000256000002,12.300000000000004,42,24.700000000000003,0.327,null,null,null,10.819999999999997,0,0,0,1,21.699999999999992,0,0,0,0,9,0,0,22.100000000000012
_result,0,2026-01-17T18:08:00Z,574.0000256000002,12.300000000000004,42,24.700000000000003,0.327,null,null,null,10.819999999999999,0,0,0,1,21.699999999999992,0,0,0,0,9,0,0,22.100000000000012
_result,0,2026-01-17T18:09:00Z,574.0000256000002,12.300000000000004,42,24.700000000000003,0.327,null,null,null,10.819999999999997,0,0,0,1,21.699999999999996,0,0,0,0,9,0,0,22.100000000000012
_result,0,2026-01-17T18:10:00Z,574.0000256000001,12.300000000000006,42,24.700000000000006,0.327,1,21.49,0,10.819999999999997,0,0,0,1,21.699999999999992,0,0,0,0,9,0,0,22.100000000000012
_result,0,2026-01-17T18:11:00Z,574.0000256000002,12.300000000000004,42,24.7,0.327,0,21.49,0,10.819999999999999,0,0,0,1,21.699999999999992,0,0,0,0,9,0,0,22.100000000000012
_result,0,2026-01-17T18:12:00Z,574.0000256000002,12.300000000000004,42,24.7,0.327,0,21.49,0,10.819999999999997,0,0,0,1,21.699999999999996,0,0,0,0,9,0,0,22.100000000000012
_result,0,2026-01-17T18:13:00Z,574.0000256000002,12.300000000000004,42,24.7,0.327,0,21.49,0,10.819999999999997,0,0,0,1,21.699999999999992,0,0,0,0,9,0,0,22.100000000000012
_result,0,2026-01-17T18:14:00Z,574.0000256000002,12.300000000000004,42,24.7,0.327,0,21.49,0,10.819999999999997,0,0,0,1,21.699999999999992,0.4838709677419355,0,0,0,9,0,0.5161290322580645,22.100000000000012
_result,0,2026-01-17T18:15:00Z,574.0000256000001,12.300000000000002,42,24.699999999999992,0.327,null,null,null,10.82,0,0,0,1,21.7,0,0,0,0,9,0,0,22.10000000000001
_result,0,2026-01-17T18:16:00Z,574.0000256000001,12.300000000000002,42,24.699999999999992,0.327,null,null,null,10.819999999999999,0,0,0,1,21.699999999999996,0,0,0,0,9,0,0,22.10000000000001
_result,0,2026-01-17T18:17:00Z,574.0000256000001,12.3,42,24.699999999999992,0.327,0,21.49,0,10.82,0,0,0,1,21.7,0,0,0,0,9,0,0,22.10000000000001
_result,0,2026-01-17T18:19:00Z,null,null,null,null,null,0.5714285714285714,21.490000000000002,0.2857142857142857,null,null,null,null,null,null,null,null,null,null,null,null,null,null
_result,0,2026-01-17T18:20:00Z,null,null,null,null,null,0.3125,21.490000000000006,0.0625,null,null,null,null,null,null,null,null,null,null,null,null,null,null
_result,0,2026-01-17T18:21:00Z,574.0000256000001,12.300000000000002,42,24.699999999999992,0.327,0.3333333333333333,21.490000000000006,0,10.82,0,0,0,1,21.699999999999996,0,0,0,0,9,0,0,22.10000000000001
_result,0,2026-01-17T18:22:00Z,574.0000256000002,12.300000000000004,42,24.7,0.327,0.07692307692307693,21.490000000000006,0,10.819999999999997,0,0,0,1,21.699999999999992,0,0,0,0,9,0,0,22.100000000000012
_result,0,2026-01-17T18:23:00Z,567.766685013333,12.300000000000006,43.9,24.766666666666655,0.28539999999999993,0,21.490000000000006,0,10.819999999999997,0,0,0,1,21.699999999999992,0,0,0,0,9,0,0,22.100000000000016
_result,0,2026-01-17T18:24:00Z,563.0000127999997,12.300000000000004,45,24.799999999999997,0.24899999999999992,0,21.490000000000006,0,10.819999999999997,0,0,0,1,21.699999999999992,0,0,0,0,9,0,0,22.100000000000012
_result,0,2026-01-17T18:25:00Z,563.0000127999997,12.300000000000004,45,24.799999999999997,0.24899999999999992,0,21.490000000000006,0,10.819999999999997,0,0,0,1,21.699999999999992,0,0,0,0,9,0,0,22.100000000000012
_result,0,2026-01-17T18:26:00Z,563.0000127999997,12.300000000000006,45,24.799999999999994,0.24899999999999992,0,21.490000000000006,0,10.819999999999997,0,0,0,1,21.699999999999992,0,0,0,0,9,0,0,22.100000000000012
_result,0,2026-01-17T18:27:00Z,563.0000127999997,12.300000000000004,45,24.799999999999997,0.24899999999999992,0,21.490000000000006,0,10.819999999999999,0,0,0,1,21.699999999999992,0,0,0,0,9,0,0,22.100000000000012
_result,0,2026-01-17T18:28:00Z,563.0000127999997,12.300000000000006,45,24.799999999999994,0.24899999999999992,0,21.490000000000006,0,10.819999999999997,0,0,0,1,21.699999999999992,0,0,0,0,9,0,0,22.100000000000016
_result,0,2026-01-17T18:29:00Z,563.0000127999997,12.300000000000004,45,24.799999999999997,0.24899999999999992,0,21.490000000000006,0,10.819999999999997,0,0,0,1,21.699999999999992,0,0,0,0,9,0,0,22.100000000000012
_result,0,2026-01-17T18:30:00Z,563.0000127999997,12.300000000000006,45,24.799999999999994,0.24899999999999992,0,21.490000000000006,0,10.819999999999997,0,0,0,1,21.699999999999992,0,0,0,0,9,0,0,22.100000000000012
_result,0,2026-01-17T18:31:00Z,563.0000127999997,12.300000000000004,45,24.799999999999997,0.24899999999999992,0,21.490000000000006,0,10.819999999999997,0,0,0,1,21.699999999999992,0,0,0,0,9,0,0,22.100000000000012
_result,0,2026-01-17T18:32:00Z,563.0000127999997,12.300000000000006,45,24.799999999999994,0.24899999999999992,0,21.490000000000006,0,10.819999999999997,0,0,0,1,21.699999999999992,0,0,0,0,9,0,0,22.100000000000012
_result,0,2026-01-17T18:33:00Z,563.0000127999997,12.300000000000004,45,24.8,0.24899999999999994,0,21.490000000000006,0,10.819999999999999,0,0,0,1,21.699999999999992,0,0,0,0,9,0,0,22.100000000000012
_result,0,2026-01-17T18:34:00Z,563.0000127999997,12.300000000000004,45,24.799999999999997,0.24899999999999994,0,21.490000000000006,0,10.819999999999997,0,0,0,1,21.699999999999992,0,0,0,0,9,0,0,22.100000000000012
_result,0,2026-01-17T18:35:00Z,563.0000127999997,12.300000000000004,45,24.799999999999997,0.24899999999999994,0,21.490000000000006,0,10.819999999999997,0,0,0,1,21.699999999999992,0,0,0,0,9,0,0,22.100000000000012
_result,0,2026-01-17T18:36:00Z,563.0000127999997,12.300000000000004,45,24.799999999999997,0.24899999999999992,0,21.490000000000006,0,10.819999999999997,0,0,0,1,21.699999999999992,0,0,0,0,9,0,0,22.100000000000012
_result,0,2026-01-17T18:37:00Z,563.0000127999997,12.300000000000004,45,24.8,0.24899999999999994,0,21.490000000000006,0,10.819999999999997,0,0,0,1,21.699999999999992,0,0,0,0,9,0,0,22.100000000000012
_result,0,2026-01-17T18:38:00Z,563.0000127999997,12.300000000000004,45,24.799999999999997,0.24899999999999992,0,21.490000000000006,0,10.819999999999997,0,0,0,1,21.699999999999992,0,0,0,0,9,0,0,22.100000000000012
_result,0,2026-01-17T18:39:00Z,563.0000128,12.299999999999999,45,24.800000000000004,0.24900000000000005,0.3333333333333333,21.490000000000006,0.2,10.82,0,0,0,1,21.7,0,0,0,0,9,0,0,22.1
_result,0,2026-01-17T18:40:00Z,null,null,null,null,null,0,21.490000000000006,0,null,null,null,null,null,null,null,null,null,null,null,null,null,null
_result,0,2026-01-17T18:41:00Z,null,null,null,null,null,0.26666666666666666,21.490000000000006,0.13333333333333333,null,null,null,null,null,null,null,null,null,null,null,null,null,null
_result,0,2026-01-17T18:42:00Z,null,null,null,null,null,0.2777777777777778,21.490000000000006,0.05555555555555555,null,null,null,null,null,null,null,null,null,null,null,null,null,null
_result,0,2026-01-17T18:43:00Z,null,null,null,null,null,0,21.490000000000006,0,null,null,null,null,null,null,null,null,null,null,null,null,null,null
_result,0,2026-01-17T18:44:00Z,null,null,null,null,null,0.4166666666666667,21.490000000000006,0.16666666666666666,null,null,null,null,null,null,null,null,null,null,null,null,null,null
_result,0,2026-01-17T18:45:00Z,null,null,null,null,null,0,21.490000000000006,0,null,null,null,null,null,null,null,null,null,null,null,null,null,null
_result,0,2026-01-17T18:46:00Z,null,null,null,null,null,0.8571428571428571,21.490000000000006,0.14285714285714285,null,null,null,null,null,null,null,null,null,null,null,null,null,null
_result,0,2026-01-17T18:47:00Z,null,null,null,null,null,0,21.490000000000006,0,null,null,null,null,null,null,null,null,null,null,null,null,null,null
_result,0,2026-01-17T18:48:00Z,null,null,null,null,null,0,21.490000000000006,0,null,null,null,null,null,null,null,null,null,null,null,null,null,null
_result,0,2026-01-17T18:49:00Z,null,null,null,null,null,0.38461538461538464,21.490000000000006,0.15384615384615385,null,null,null,null,null,null,null,null,null,null,null,null,null,null
_result,0,2026-01-17T18:50:00Z,null,null,null,null,null,0.06666666666666667,21.490000000000006,0,null,null,null,null,null,null,null,null,null,null,null,null,null,null
_result,0,2026-01-17T18:51:00Z,null,null,null,null,null,0,21.490000000000006,0,null,null,null,null,null,null,null,null,null,null,null,null,null,null
_result,0,2026-01-17T18:52:00Z,null,null,null,null,null,0.46153846153846156,21.490000000000006,0.23076923076923078,null,null,null,null,null,null,null,null,null,null,null,null,null,null
_result,0,2026-01-17T18:53:00Z,null,null,null,null,null,0.1111111111111111,21.490000000000006,0,null,null,null,null,null,null,null,null,null,null,null,null,null,null
_result,0,2026-01-17T18:54:00Z,null,null,null,null,null,0,21.490000000000006,0,null,null,null,null,null,null,null,null,null,null,null,null,null,null
_result,0,2026-01-17T18:55:00Z,null,null,null,null,null,0.375,21.490000000000006,0.1875,null,null,null,null,null,null,null,null,null,null,null,null,null,null
_result,0,2026-01-17T18:56:00Z,null,null,null,null,null,0.47058823529411764,21.490000000000006,0.17647058823529413,null,null,null,null,null,null,null,null,null,null,null,null,null,null
_result,0,2026-01-17T18:57:00Z,null,null,null,null,null,0.3125,21.490000000000006,0.125,null,null,null,null,null,null,null,null,null,null,null,null,null,null
_result,0,2026-01-17T18:58:00Z,null,null,null,null,null,0,21.490000000000006,0,null,null,null,null,null,null,null,null,null,null,null,null,null,null
_result,0,2026-01-17T18:59:00Z,null,null,null,null,null,0,21.490000000000006,0,null,null,null,null,null,null,null,null,null,null,null,null,null,null
_result,0,2026-01-17T19:00:00Z,null,null,null,null,null,0.6666666666666666,21.490000000000006,0.3333333333333333,null,null,null,null,null,null,null,null,null,null,null,null,null,null
_result,0,2026-01-17T19:01:00Z,null,null,null,null,null,0,21.490000000000006,0,null,null,null,null,null,null,null,null,null,null,null,null,null,null
_result,0,2026-01-17T19:02:00Z,null,null,null,null,null,0,21.490000000000006,0,null,null,null,null,1,21.7,null,null,null,null,null,null,null,null
_result,0,2026-01-17T19:03:00Z,null,null,null,null,null,null,null,null,null,null,null,null,1,21.699999999999992,null,null,null,null,null,null,null,null
_result,0,2026-01-17T19:04:00Z,null,null,null,null,null,null,null,null,null,null,null,null,1,21.699999999999992,null,null,null,null,null,null,null,null
_result,0,2026-01-17T19:05:00Z,null,null,null,null,null,null,null,null,null,null,null,null,1,21.699999999999992,null,null,null,null,null,null,null,null
_result,0,2026-01-17T19:06:00Z,null,null,null,null,null,null,null,null,null,null,null,null,1,21.699999999999992,null,null,null,null,null,null,null,null
_result,0,2026-01-17T19:07:00Z,null,null,null,null,null,null,null,null,null,null,null,null,1,21.699999999999992,null,null,null,null,null,null,null,null
_result,0,2026-01-17T19:08:00Z,null,null,null,null,null,null,null,null,null,null,null,null,1,21.699999999999992,null,null,null,null,null,null,null,null
_result,0,2026-01-17T19:09:00Z,null,null,null,null,null,null,null,null,null,null,null,null,1,21.699999999999992,null,null,null,null,null,null,null,null
_result,0,2026-01-17T19:10:00Z,null,null,null,null,null,null,null,null,null,null,null,null,1,21.7,0.6956521739130435,0,0,0,9,0,0.6956521739130435,22.100000000000012
_result,0,2026-01-17T19:11:00Z,null,null,null,null,null,null,null,null,null,null,null,null,null,null,0.1891891891891892,0,0,0,9,0,0.16216216216216217,22.100000000000012
_result,0,2026-01-17T19:12:00Z,null,null,null,null,null,null,null,null,null,null,null,null,null,null,0,0,0,0,9,0,0,22.100000000000016
_result,0,2026-01-17T19:13:00Z,null,null,null,null,null,null,null,null,null,null,null,null,null,null,0.022727272727272728,0,0,0,9,0,0.022727272727272728,22.100000000000016
_result,0,2026-01-17T19:14:00Z,null,null,null,null,null,null,null,null,null,null,null,null,null,null,0.4782608695652174,0,0,0,9,0,0.45652173913043476,22.100000000000016
_result,0,2026-01-17T19:15:00Z,null,null,null,null,null,null,null,null,null,null,null,null,null,null,0.4772727272727273,0,0,0,9,0,0.5,22.100000000000016
_result,0,2026-01-17T19:16:00Z,null,null,null,null,null,null,null,null,null,null,null,null,null,null,0,0,0,0,9,0,0.02857142857142857,22.100000000000012
_result,0,2026-01-17T19:17:00Z,null,null,null,null,null,null,null,null,null,null,null,null,null,null,0.6590909090909091,0,0,0,9,0,0.6818181818181818,22.100000000000016
_result,0,2026-01-17T19:18:00Z,null,null,null,null,null,null,null,null,null,null,null,null,null,null,0.813953488372093,0,0,0,9,0,0.7906976744186046,22.100000000000016
_result,0,2026-01-17T19:19:00Z,null,null,null,null,null,null,null,null,null,null,null,null,null,null,0.5833333333333334,0,0,0,9,0,0.6111111111111112,22.100000000000012
_result,0,2026-01-17T19:20:00Z,null,null,null,null,null,null,null,null,null,null,null,null,null,null,0.7,0,0,0,9,0,0.7,22.10000000000001
_result,0,2026-01-17T19:21:00Z,null,null,null,null,null,null,null,null,null,null,null,null,null,null,0.55,0,0,0,9,0,0.525,22.100000000000016
_result,0,2026-01-17T19:22:00Z,null,null,null,null,null,null,null,null,null,null,null,null,null,null,0,0,0,0,9,0,0,22.100000000000016
_result,0,2026-01-17T19:23:00Z,null,null,null,null,null,null,null,null,null,null,null,null,null,null,0.4166666666666667,0,0,0,61.333333333333336,0,0.4444444444444444,23.436111111111103
_result,0,2026-01-17T19:24:00Z,null,null,null,null,null,null,null,null,null,null,null,null,null,null,0,0,0,0,166,0,0,25.79999999999998
_result,0,2026-01-17T19:25:00Z,null,null,null,null,null,null,null,null,null,null,null,null,null,null,0,0,0,0,166,0,0,25.79999999999998
_result,0,2026-01-17T19:26:00Z,null,null,null,null,null,null,null,null,null,null,null,null,null,null,0,0,0,0,166,0,0,25.799999999999983
_result,0,2026-01-17T19:27:00Z,null,null,null,null,null,null,null,null,null,null,null,null,null,null,0,0,0,0,166,0,0,25.79999999999998
_result,0,2026-01-17T19:28:00Z,null,null,null,null,null,null,null,null,null,null,null,null,null,null,0,0,0,0,166,0,0,25.799999999999983
_result,0,2026-01-17T19:29:00Z,null,null,null,null,null,null,null,null,null,null,null,null,null,null,0,0,0,0,166,0,0,25.799999999999983
_result,0,2026-01-17T19:30:00Z,null,null,null,null,null,null,null,null,null,null,null,null,null,null,0.5641025641025641,0,0,0,166,0,0.5897435897435898,25.79999999999998
_result,0,2026-01-17T19:31:00Z,null,null,null,null,null,null,null,null,null,null,null,null,null,null,0,0,0,0,166,0,0,25.79999999999998
_result,0,2026-01-17T19:32:00Z,null,null,null,null,null,null,null,null,null,null,null,null,null,null,0.375,0,0,0,166,0,0.4,25.799999999999983
_result,0,2026-01-17T19:33:00Z,704.9999872,13,48,24.7,0.327,0,21.49,0,10.82,0,0,0,1,21.7,0,0,0,0,166,0,0,25.799999999999986
_result,0,2026-01-17T19:34:00Z,704.9999872000004,13,48,24.700000000000006,0.327,0.46153846153846156,21.490000000000006,0.07692307692307693,10.819999999999997,0,0,0,1,21.699999999999992,0.36363636363636365,0,0,0,166,0,0.36363636363636365,25.799999999999986
_result,0,2026-01-17T19:35:00Z,704.9999872000003,13,48,24.7,0.327,0,21.490000000000006,0,10.819999999999997,0,0,0,1,21.699999999999992,0.13157894736842105,0,0,0,166,0,0.10526315789473684,25.799999999999983
_result,0,2026-01-17T19:36:00Z,704.9999872000004,13,48,24.700000000000006,0.327,0,21.490000000000006,0,10.819999999999997,0,0,0,1,21.699999999999992,0,0,0,0,166,0,0,25.799999999999983
_result,0,2026-01-17T19:37:00Z,704.9999872000004,13,48,24.700000000000006,0.327,0,21.490000000000006,0,10.819999999999997,0,0,0,1,21.699999999999992,0,0,0,0,166,0,0,25.799999999999983
_result,0,2026-01-17T19:38:00Z,704.9999872000003,13,48,24.700000000000003,0.327,0,21.490000000000006,0,10.819999999999997,0,0,0,1,21.699999999999992,0,0,0,0,166,0,0,25.799999999999986
_result,0,2026-01-17T19:39:00Z,704.9999872000004,13,48,24.700000000000006,0.327,0,21.490000000000006,0,10.819999999999997,0,0,0,1,21.699999999999992,0,0,0,0,166,0,0,25.799999999999986
_result,0,2026-01-17T19:40:00Z,704.9999872000003,13,48,24.700000000000003,0.327,0,21.490000000000006,0,10.819999999999999,0,0,0,1,21.699999999999992,0,0,0,0,166,0,0,25.79999999999999
_result,0,2026-01-17T19:41:00Z,704.9999872000003,13,48,24.700000000000003,0.327,0,21.490000000000006,0,10.819999999999997,0,0,0,1,21.699999999999992,0,0,0,0,166,0,0,25.799999999999983
_result,0,2026-01-17T19:42:00Z,704.9999872000003,13,48,24.7,0.327,0,21.490000000000006,0,10.819999999999999,0,0,0,1,25,0,0,0,0,166,0,0,25.79999999999999
_result,0,2026-01-17T19:43:00Z,704.9999872000004,13,48,24.700000000000006,0.327,0,21.490000000000006,0,10.819999999999997,0,0,0,1,25,0,0,0,0,166,0,0,25.799999999999983
_result,0,2026-01-17T19:44:00Z,704.9999872000004,13,48,24.700000000000006,0.327,0,21.490000000000006,0,10.819999999999997,0,0,0,1,25,0,0,0,0,166,0,0,25.799999999999983
_result,0,2026-01-17T19:45:00Z,704.9999872000003,13,48,24.700000000000003,0.327,0,21.490000000000006,0,10.819999999999997,0,0,0,1,25,0,0,0,0,166,0,0,25.799999999999983
_result,0,2026-01-17T19:46:00Z,704.9999872000003,13,48,24.7,0.327,0,23.017692307692315,0,10.819999999999997,0,0,0,1,25,0,0,0,0,166,0,0,25.799999999999983
_result,0,2026-01-17T19:47:00Z,704.9999872000003,13,48,24.700000000000003,0.327,0,24.800000000000008,0,10.819999999999999,0,0,0,1,25,0,0,0,0,166,0,0,25.799999999999983
_result,0,2026-01-17T19:48:00Z,704.9999872000003,13,48,24.7,0.327,0,24.800000000000008,0,10.819999999999999,0,0,0,1,25,0,0,0,0,166,0,0,25.79999999999999
_result,0,2026-01-17T19:49:00Z,704.9999872000003,13,48,24.7,0.327,0,24.800000000000008,0,10.819999999999997,0,0,0,1,25,0,0,0,0,166,0,0,25.799999999999986
_result,0,2026-01-17T19:50:00Z,704.9999872000003,13,48,24.7,0.327,0,24.800000000000008,0,10.819999999999997,0,0,0,1,25,0,0,0,0,166,0,0,25.799999999999986
_result,0,2026-01-17T19:51:00Z,704.9999872000003,13,48,24.700000000000003,0.327,0,24.800000000000008,0,10.819999999999997,0,0,0,1,25,0,0,0,0,166,0,0,25.799999999999983
_result,0,2026-01-17T19:52:00Z,704.9999872000003,13,48,24.7,0.327,0,24.800000000000008,0,10.819999999999999,0,0,0,1,25,0,0,0,0,166,0,0,25.79999999999999
_result,0,2026-01-17T19:53:00Z,732.6956321391303,13.16956521739131,48,24.813043478260855,0.35073913043478255,0,24.800000000000008,0,10.819999999999997,0,0,0,1,25,0,0,0,0,166,0,0,25.799999999999994
_result,0,2026-01-17T19:54:00Z,753.9999744,13.300000000000006,48,24.89999999999999,0.36899999999999983,0,24.800000000000008,0,10.819999999999997,0,0,0,1,25,0,0,0,0,166,0,0,25.79999999999999
_result,0,2026-01-17T19:55:00Z,753.9999744000003,13.300000000000008,48,24.899999999999988,0.36899999999999983,0,24.800000000000008,0,10.819999999999997,0,0,0,1,25,0,0,0,0,166,0,0,25.799999999999986
_result,0,2026-01-17T19:56:00Z,753.9999743999999,13.300000000000006,48,24.89999999999999,0.36899999999999983,0,24.800000000000008,0,10.819999999999997,0,0,0,1,25,0,0,0,0,166,0,0,25.799999999999986
_result,0,2026-01-17T19:57:00Z,753.9999744000003,13.300000000000008,48,24.899999999999988,0.36899999999999983,0,24.800000000000008,0,10.819999999999997,0,0,0,1,25,0,0,0,0,166,0,0,25.799999999999983
_result,0,2026-01-17T19:58:00Z,753.9999744000003,13.300000000000008,48,24.899999999999988,0.36899999999999983,0,24.800000000000008,0,10.819999999999997,0,0,0,1,25,0,0,0,0,166,0,0,25.799999999999983
_result,0,2026-01-17T19:59:00Z,753.9999743999998,13.300000000000006,48,24.89999999999999,0.36899999999999983,0,24.800000000000008,0,10.819999999999997,0,0,0,1,25,0,0,0,0,166,0,0,25.79999999999999
_result,0,2026-01-17T20:00:00Z,753.9999744000002,13.300000000000008,48,24.89999999999999,0.36899999999999983,0,24.800000000000008,0,10.819999999999997,0,0,0,1,25,0,0,0,0,166,0,0,25.799999999999986
_result,0,2026-01-17T20:01:00Z,753.9999743999998,13.300000000000006,48,24.963636363636365,0.36899999999999983,0,24.800000000000008,0,10.819999999999999,0,0,0,1,25,0,0,0,0,166,0,0,25.79999999999999
_result,0,2026-01-17T20:02:00Z,753.9999744000003,13.300000000000008,48,25,0.36899999999999983,0,24.800000000000008,0,10.819999999999997,0,0,0,1,25,0,0,0,0,166,0,0,25.799999999999983
_result,0,2026-01-17T20:03:00Z,753.9999744000003,13.300000000000008,48,25,0.36899999999999983,0,24.800000000000008,0,10.819999999999997,0,0,0,1,25,0,0,0,0,166,0,0,25.799999999999983
_result,0,2026-01-17T20:04:00Z,753.9999743999998,13.300000000000006,48,25,0.36899999999999983,0,24.800000000000008,0,10.819999999999999,0,0,0,1,25,0,0,0,0,166,0,0,25.799999999999994
_result,0,2026-01-17T20:05:00Z,753.9999744000003,13.300000000000008,48,25,0.36899999999999983,0,24.800000000000008,0,10.819999999999997,0,0,0,1,25,0,0,0,0,166,0,0,25.799999999999983
_result,0,2026-01-17T20:06:00Z,753.9999744000003,13.300000000000008,48,25,0.36899999999999983,0,24.800000000000008,0,10.819999999999999,0,0,0,1,25,0,0,0,0,166,0,0,25.799999999999983
_result,0,2026-01-17T20:07:00Z,753.9999744000003,13.300000000000008,48,25,0.36899999999999983,0,24.800000000000008,0,10.819999999999997,0,0,0,1,25,0,0,0,0,166,0,0,25.799999999999986
_result,0,2026-01-17T20:08:00Z,753.9999743999998,13.300000000000006,48,25,0.3689999999999999,0,24.800000000000008,0,10.819999999999999,0,0,0,1,25,0,0,0,0,166,0,0,25.799999999999994
_result,0,2026-01-17T20:09:00Z,753.9999744,13.300000000000006,48,25,0.36899999999999983,0,24.800000000000008,0,10.819999999999997,0,0,0,1,25,0,0,0,0,166,0,0,25.79999999999999
_result,0,2026-01-17T20:10:00Z,753.9999744,13.300000000000006,48,25,0.36899999999999983,0,24.800000000000008,0,10.819999999999997,0,0,0,1,25,0,0,0,0,166,0,0,25.799999999999986
_result,0,2026-01-17T20:11:00Z,753.9999744000002,13.300000000000008,48,25,0.36899999999999983,0,24.800000000000008,0,10.819999999999997,0,0,0,1,25,0,0,0,0,166,0,0,25.799999999999983
_result,0,2026-01-17T20:12:00Z,753.9999744000002,13.300000000000008,48,25,0.36899999999999983,0,24.800000000000008,0,10.819999999999997,0,0,0,1,25,0,0,0,0,166,0,0,25.79999999999998
_result,0,2026-01-17T20:13:00Z,753.9999744000002,13.300000000000008,48,25,0.36899999999999983,0,24.800000000000008,0,10.819999999999999,0,0,0,1,25,0,0,0,0,166,0,0,25.799999999999983
_result,0,2026-01-17T20:14:00Z,753.9999744000002,13.300000000000008,48,25,0.36899999999999983,0,24.800000000000008,0,10.819999999999999,0,0,0,1,25,0,0,0,0,166,0,0,25.799999999999986
_result,0,2026-01-17T20:15:00Z,753.9999744000002,13.300000000000008,48,25,0.36899999999999983,0,24.800000000000008,0,10.819999999999997,0,0,0,1,25,0,0,0,0,166,0,0,25.799999999999983
_result,0,2026-01-17T20:16:00Z,753.9999743999999,13.300000000000006,48,25,0.36899999999999983,0,24.800000000000008,0,10.819999999999997,0,0,0,1,25,0,0,0,0,166,0,0,25.799999999999986
_result,0,2026-01-17T20:17:00Z,753.9999744000003,13.300000000000008,48,25,0.36899999999999983,0,24.800000000000008,0,10.819999999999997,0,0,0,1,25,0,0,0,0,166,0,0,25.799999999999983
_result,0,2026-01-17T20:18:00Z,753.9999744000002,13.300000000000008,48,25,0.36899999999999983,0,24.800000000000008,0,10.819999999999997,0,0,0,1,25,0,0,0,0,166,0,0,25.799999999999986
_result,0,2026-01-17T20:19:00Z,753.9999744000003,13.300000000000008,48,25,0.36899999999999983,0,24.800000000000008,0,10.819999999999997,0,0,0,1,25,0,0,0,0,166,0,0,25.799999999999983
_result,0,2026-01-17T20:20:00Z,753.9999744000002,13.300000000000008,48,25,0.36899999999999983,0,24.800000000000008,0,10.819999999999999,0,0,0,1,25,0,0,0,0,166,0,0,25.79999999999999
_result,0,2026-01-17T20:21:00Z,753.9999744000003,13.300000000000008,48,25,0.36899999999999983,0,24.800000000000008,0,10.819999999999997,0,0,0,1,25,0,0,0,0,166,0,0,25.799999999999986
_result,0,2026-01-17T20:22:00Z,753.9999744,13.300000000000006,48,25,0.36899999999999983,0,24.800000000000008,0,10.819999999999999,0,0,0,1,25,0,0,0,0,166,0,0,25.799999999999994
_result,0,2026-01-17T20:23:00Z,773.7036913777777,13.300000000000008,48,24.937037037037022,0.39211111111111097,0,24.800000000000008,0,10.819999999999997,0,0,0,1,25,0,0,0,0,166,0,0,25.799999999999983
_result,0,2026-01-17T20:24:00Z,792,13.300000000000008,48,24.899999999999988,0.41699999999999987,0,24.800000000000008,0,10.819999999999997,0,0,0,1,25,0,0,0,0,166,0,0,25.799999999999983
_result,0,2026-01-17T20:25:00Z,792,13.300000000000006,48,24.89999999999999,0.41699999999999987,0,24.800000000000008,0,10.819999999999999,0,0,0,1,25,0,0,0,0,166,0,0,25.799999999999986
_result,0,2026-01-17T20:26:00Z,792,13.300000000000008,48,24.899999999999988,0.41699999999999987,0,24.800000000000008,0,10.819999999999997,0,0,0,1,25,0,0,0,0,166,0,0,25.799999999999986
_result,0,2026-01-17T20:27:00Z,792,13.300000000000006,48,24.89999999999999,0.41699999999999987,0,24.800000000000008,0,10.819999999999999,0,0,0,1,25,0,0,0,0,166,0,0,25.799999999999986
_result,0,2026-01-17T20:28:00Z,792,13.300000000000006,48,24.89999999999999,0.41699999999999987,0,24.800000000000008,0,10.819999999999997,0,0,0,1,25,0,0,0,0,166,0,0,25.799999999999983
_result,0,2026-01-17T20:29:00Z,792,13.300000000000006,48,24.89999999999999,0.41699999999999987,0,24.800000000000008,0,10.819999999999997,0,0,0,1,25,0,0,0,0,166,0,0,25.799999999999986
_result,0,2026-01-17T20:30:00Z,792,13.300000000000006,48,24.89999999999999,0.41699999999999987,0,24.800000000000008,0,10.819999999999999,0,0,0,1,25,0,0,0,0,166,0,0,25.79999999999999
_result,0,2026-01-17T20:31:00Z,792,13.300000000000008,48,24.899999999999988,0.41699999999999987,0,24.800000000000008,0,10.819999999999999,0,0,0,1,25,0,0,0,0,166,0,0,25.799999999999983
_result,0,2026-01-17T20:32:00Z,792,13.300000000000008,48,24.899999999999988,0.41699999999999987,0,24.800000000000008,0,10.819999999999997,0,0,0,1,25,0,0,0,0,166,0,0,25.799999999999986
_result,0,2026-01-17T20:33:00Z,792,13.300000000000008,48,24.89999999999999,0.41699999999999987,0,24.800000000000008,0,10.819999999999997,0,0,0,1,25,0,0,0,0,166,0,0,25.799999999999986
_result,0,2026-01-17T20:34:00Z,792,13.300000000000008,48,24.899999999999988,0.41699999999999987,0,24.800000000000008,0,10.819999999999997,0,0,0,1,25,0,0,0,0,166,0,0,25.799999999999986
_result,0,2026-01-17T20:35:00Z,792,13.300000000000006,48,24.89999999999999,0.41699999999999987,0,24.800000000000008,0,10.819999999999999,0,0,0,1,25,0,0,0,0,166,0,0,25.79999999999999
_result,0,2026-01-17T20:36:00Z,792,13.300000000000008,48,24.89999999999999,0.41699999999999987,0,24.800000000000008,0,10.819999999999997,0,0,0,1,25,0,0,0,0,166,0,0,25.799999999999983
_result,0,2026-01-17T20:37:00Z,792,13.300000000000008,48,24.89999999999999,0.41699999999999987,0,24.800000000000008,0,10.819999999999997,0,0,0,1,25,0,0,0,0,166,0,0,25.799999999999986
_result,0,2026-01-17T20:38:00Z,792,13.300000000000008,48,24.899999999999988,0.41699999999999987,0,24.800000000000008,0,10.819999999999997,0,0,0,1,25,0,0,0,0,166,0,0,25.799999999999983
_result,0,2026-01-17T20:39:00Z,792,13.300000000000008,48,24.899999999999988,0.41699999999999987,0,24.800000000000008,0,10.819999999999999,0,0,0,1,25,0,0,0,0,166,0,0,25.799999999999986
_result,0,2026-01-17T20:40:00Z,792,13.300000000000008,48,24.89999999999999,0.41699999999999987,0,24.800000000000008,0,10.819999999999997,0,0,0,1,25,0,0,0,0,166,0,0,25.799999999999986
_result,0,2026-01-17T20:41:00Z,792,13.300000000000006,48,24.89999999999999,0.41699999999999987,0,24.800000000000008,0,10.819999999999997,0,0,0,1,25,0,0,0,0,166,0,0,25.79999999999999
_result,0,2026-01-17T20:42:00Z,792,13.300000000000008,48,24.899999999999988,0.41699999999999987,0,24.800000000000008,0,10.819999999999997,0,0,0,1,25,0,0,0,0,166,0,0,25.799999999999986
_result,0,2026-01-17T20:43:00Z,792,13.300000000000008,48,24.899999999999988,0.41699999999999987,0,24.800000000000008,0,10.819999999999997,0,0,0,1,25,0,0,0,0,166,0,0,25.799999999999983
_result,0,2026-01-17T20:44:00Z,792,13.300000000000008,48,24.89999999999999,0.41699999999999987,0,24.800000000000008,0,10.819999999999997,0,0,0,1,25,0,0,0,0,166,0,0,25.799999999999983
_result,0,2026-01-17T20:45:00Z,792,13.300000000000008,48,24.899999999999988,0.41699999999999987,0,24.800000000000008,0,10.819999999999999,0,0,0,1,25,0,0,0,0,166,0,0,25.799999999999986
_result,0,2026-01-17T20:46:00Z,792,13.300000000000008,48,24.899999999999988,0.41699999999999987,0,24.800000000000008,0,10.819999999999999,0,0,0,1,25,0,0,0,0,166,0,0,25.799999999999986
_result,0,2026-01-17T20:47:00Z,792,13.300000000000008,48,24.89999999999999,0.41699999999999987,0,24.800000000000008,0,10.819999999999997,0,0,0,1,25,0,0,0,0,166,0,0,25.799999999999983
_result,0,2026-01-17T20:48:00Z,792,13.300000000000008,48,24.899999999999988,0.41699999999999987,0,24.800000000000008,0,10.819999999999997,0,0,0,1,25,0,0,0,0,166,0,0,25.79999999999998
_result,0,2026-01-17T20:49:00Z,792,13.300000000000008,48,24.89999999999999,0.41699999999999987,0,24.800000000000008,0,10.819999999999997,0,0,0,1,25,0,0,0,0,166,0,0,25.799999999999983
_result,0,2026-01-17T20:50:00Z,792,13.300000000000006,48,24.89999999999999,0.41699999999999987,0,24.800000000000008,0,10.819999999999997,0,0,0,1,25,0,0,0,0,166,0,0,25.799999999999986
_result,0,2026-01-17T20:51:00Z,792,13.300000000000008,48,24.899999999999988,0.41699999999999987,0.38461538461538464,24.800000000000008,0.3076923076923077,10.819999999999997,0,0,196.02,1,25,0.4473684210526316,0,0,0,166,0,0.42105263157894735,25.799999999999983
_result,0,2026-01-17T20:52:00Z,792,13.300000000000008,48,24.89999999999999,0.41699999999999987,0.38461538461538464,24.800000000000008,0.07692307692307693,10.819999999999999,0,0,0,1,25,0,0,0,0,166,0,0,25.799999999999983
_result,0,2026-01-17T20:53:00Z,811.2592402962965,13.300000000000008,48,24.98148148148148,0.43881481481481505,0,24.800000000000008,0,10.819999999999997,0,0,0,1,25,0,0,0,0,166,0,0,25.799999999999983
_result,0,2026-01-17T20:54:00Z,817.9999744,13.300000000000006,48,25,0.44800000000000023,0,24.800000000000008,0,10.819999999999999,0,0,0,null,null,0,0,0,0,166,0,0,25.799999999999986
_result,0,2026-01-17T20:55:00Z,817.9999744000003,13.300000000000008,48,25,0.4480000000000003,0,24.800000000000008,0,10.819999999999997,0,0,0,null,null,0,0,0,0,166,0,0,25.799999999999983
_result,0,2026-01-17T20:56:00Z,817.9999744000003,13.300000000000008,48,25,0.4480000000000003,0,24.800000000000008,0,10.819999999999997,0,0,0,null,null,0,0,0,0,166,0,0,25.799999999999983
_result,0,2026-01-17T20:57:00Z,817.9999744,13.300000000000006,48,25,0.44800000000000023,0,24.800000000000008,0,10.819999999999999,0,0,0,null,null,0,0,0,0,166,0,0,25.799999999999997
_result,0,2026-01-17T20:58:00Z,817.9999743999998,13.300000000000006,48,25,0.44800000000000023,0,24.800000000000008,0,10.819999999999999,0,0,0,null,null,0,0,0,0,166,0,0,25.799999999999983
_result,0,2026-01-17T20:59:00Z,817.9999744000002,13.300000000000008,48,25,0.4480000000000003,0,24.800000000000008,0,10.819999999999997,0,0,0,null,null,0,0,0,0,166,0,0,25.799999999999983
_result,0,2026-01-17T21:00:00Z,817.9999744000002,13.300000000000008,48,25,0.4480000000000003,0,24.800000000000008,0,10.819999999999997,0,0,0,null,null,0,0,0,0,166,0,0,25.799999999999983
_result,0,2026-01-17T21:01:00Z,817.9999744000002,13.300000000000008,48,25,0.4480000000000003,0,24.800000000000008,0,10.819999999999997,0,0,0,null,null,0,0,0,0,166,0,0,25.799999999999986
_result,0,2026-01-17T21:02:00Z,817.9999744,13.300000000000006,48,24.66,0.44800000000000023,0,24.800000000000008,0,10.819999999999999,0,0,0,null,null,0,0,0,0,166,0,0,25.799999999999983
_result,0,2026-01-17T21:03:00Z,817.9999744000002,13.300000000000008,48,24.5,0.4480000000000003,0,24.800000000000008,0,10.819999999999999,0,0,0,null,null,0,0,0,0,166,0,0,25.799999999999986
_result,0,2026-01-17T21:04:00Z,817.9999744000002,13.300000000000008,48,24.5,0.4480000000000003,0,24.800000000000008,0,10.819999999999997,0,0,0,null,null,0,0,0,0,166,0,0,25.799999999999986
_result,0,2026-01-17T21:05:00Z,817.9999744000003,13.300000000000008,48,24.5,0.4480000000000003,0,24.800000000000008,0,10.819999999999997,0,0,0,null,null,0,0,0,0,166,0,0,25.799999999999983
_result,0,2026-01-17T21:06:00Z,817.9999744000002,13.300000000000008,48,24.5,0.4480000000000003,0,24.800000000000004,0,10.819999999999997,0,0,0,null,null,0,0,0,0,166,0,0,25.799999999999986
_result,0,2026-01-17T21:07:00Z,817.9999744000002,13.300000000000008,48,24.5,0.4480000000000003,0,24.800000000000008,0,10.819999999999997,0,0,0,null,null,0,0,0,0,166,0,0,25.79999999999999
_result,0,2026-01-17T21:08:00Z,817.9999744000003,13.300000000000008,48,24.5,0.4480000000000003,0,24.800000000000008,0,10.819999999999999,0,0,0,null,null,0,0,0,0,166,0,0,25.799999999999983
_result,0,2026-01-17T21:09:00Z,817.9999743999998,13.300000000000004,48,24.5,0.4480000000000002,0,24.800000000000004,0,10.819999999999999,0,0,0,null,null,0,0,0,0,166,0,0,25.799999999999994
